kd,p_AS_rank,p_EU_rank,p_NA_rank,p_currentmmr,p_currentrank,p_headshotacc,p_id,p_level,p_name,p_platform,p_skillrating,p_user,position,verified
251,14,20,20,6539,20,64590000,f9eeea28-4c13-48df-b96a-49c726bf546c,158,One.TT,uplay,10602,f9eeea28-4c13-48df-b96a-49c726bf546c,1,0
166,20,0,20,6486,20,54950000,acb9b554-30d2-4519-b64c-9d6d6d511675,340,Pi3troll,uplay,9940,acb9b554-30d2-4519-b64c-9d6d6d511675,2,0
187,20,20,20,6419,20,44910000,92524ff7-98f6-466c-a6ea-83c3334e56e8,269,Raclis,uplay,10253,92524ff7-98f6-466c-a6ea-83c3334e56e8,3,0
157,0,0,20,6036,20,47570000,7a9e6cd8-ef93-409a-a01c-ddd0774b007b,326,geeometrics.EG,uplay,9695,7a9e6cd8-ef93-409a-a01c-ddd0774b007b,4,0
262,0,0,20,6025,20,60080000,711e055a-723e-4e5b-9ffc-d978d50a21e2,283,hyi.,uplay,10899,711e055a-723e-4e5b-9ffc-d978d50a21e2,5,0
159,20,0,20,6013,20,43540000,30c7bfcc-87fb-48d0-8f18-80b8fb8f80f3,216,Raclis.,uplay,9831,30c7bfcc-87fb-48d0-8f18-80b8fb8f80f3,6,0
160,0,16,20,5921,20,39190000,bfa594b5-ed6e-43aa-8fbe-8e03e4ebb4c8,338,Bosco.SSG,uplay,9777,bfa594b5-ed6e-43aa-8fbe-8e03e4ebb4c8,7,1
161,0,0,20,5871,20,43220000,0af9451e-66ec-45ba-8a96-a3e89d2118aa,149,Dozer.-,uplay,10006,0af9451e-66ec-45ba-8a96-a3e89d2118aa,8,0
144,0,0,20,5841,20,46120000,36e684d7-5a57-42df-9b00-1c60e7c91f28,366,Achieved.ExG,uplay,9708,36e684d7-5a57-42df-9b00-1c60e7c91f28,9,0
119,19,0,20,5749,20,42830000,266e05ca-ef14-4ee9-842f-1a54956a391c,287,Yamada.Tarou.,uplay,9407,266e05ca-ef14-4ee9-842f-1a54956a391c,10,0
174,0,19,20,5737,20,59300000,eb56b657-f8e3-4312-9cc8-2755e83362e5,132,Scorpi0n...,uplay,10000,eb56b657-f8e3-4312-9cc8-2755e83362e5,11,0
181,0,0,20,5732,20,45350000,34affbaa-156f-4e5a-8cde-34a33a4f02ae,170,SoulZagueiro,uplay,9994,34affbaa-156f-4e5a-8cde-34a33a4f02ae,12,0
106,0,3,20,5718,20,39490000,282087f5-ab89-4739-934b-84aabb9df02b,290,harley.TBS,uplay,10442,282087f5-ab89-4739-934b-84aabb9df02b,13,0
154,0,0,20,5716,20,51030000,5d5d93a9-95e5-455a-bf96-34df816ed79b,357,Paluh.Liquid,uplay,10041,5d5d93a9-95e5-455a-bf96-34df816ed79b,14,0
242,0,0,20,5676,20,49590000,003b136c-c00e-4ef8-9690-2376ffcd2e6d,198,llIIIIIIIIIlII,uplay,10124,003b136c-c00e-4ef8-9690-2376ffcd2e6d,15,0
141,0,20,20,5640,20,40920000,5d3d5dec-347e-4ae0-9b58-b86947fe7da8,299,Toast,uplay,9671,5d3d5dec-347e-4ae0-9b58-b86947fe7da8,16,0
240,0,0,20,5575,20,34580000,063cd809-7d45-4e2c-a424-45c1904bbc3f,158,Mordhau.-,uplay,10635,063cd809-7d45-4e2c-a424-45c1904bbc3f,17,0
133,0,0,20,5572,20,46750000,7281d621-d79e-4243-977c-6f5576bd1990,341,Frosty.HwC,uplay,9517,7281d621-d79e-4243-977c-6f5576bd1990,18,0
119,0,18,20,5550,20,48330000,ec3238dc-ea56-4ee8-b4e6-b71e141cb628,304,OutCast.Obk,uplay,9793,ec3238dc-ea56-4ee8-b4e6-b71e141cb628,19,0
143,0,0,20,5524,20,57500000,d65b58f1-74de-40a3-84a0-670a8365aab6,347,Hotancold.DZ,uplay,9839,d65b58f1-74de-40a3-84a0-670a8365aab6,20,0
133,0,0,20,5510,20,41290000,54a6b6b2-d69c-42ea-b495-d1a1995e3002,244,Lean,uplay,9640,54a6b6b2-d69c-42ea-b495-d1a1995e3002,21,0
126,0,0,20,5510,20,44880000,786e187f-ed8f-4c05-b3f6-12be94dc664b,280,dm.relentless,uplay,9502,786e187f-ed8f-4c05-b3f6-12be94dc664b,22,0
152,0,0,20,5502,20,52180000,0a966c73-d531-4124-99b0-9a6c53f4832f,330,Hyper.Rise,uplay,9814,0a966c73-d531-4124-99b0-9a6c53f4832f,23,0
132,0,0,20,5487,20,47750000,6281195c-d210-424e-9d8c-880cbea36c7e,321,KDS..,uplay,9482,6281195c-d210-424e-9d8c-880cbea36c7e,24,0
161,0,0,20,5487,20,59600000,76e66a0a-8c4a-4170-bfdb-7f8d26348540,121,Tw2TaP-.,uplay,10096,76e66a0a-8c4a-4170-bfdb-7f8d26348540,25,0
152,0,0,20,5473,20,39150000,3c81e65e-d871-4314-a280-4caa7df96595,265,Fultz.oC,uplay,9652,3c81e65e-d871-4314-a280-4caa7df96595,26,0
139,0,0,20,5468,20,48950000,03adbae7-33f1-47d7-9128-ef8a4b036e4c,192,CobrA.--,uplay,9532,03adbae7-33f1-47d7-9128-ef8a4b036e4c,27,0
147,0,0,20,5467,20,53300000,0673e196-aa79-419b-abf1-10a1866fe666,254,Acid.Rise,uplay,9798,0673e196-aa79-419b-abf1-10a1866fe666,28,0
151,0,0,20,5464,20,45120000,c7e3400d-a8e7-4995-8968-821b516d8acd,260,bravodog,uplay,9754,c7e3400d-a8e7-4995-8968-821b516d8acd,29,0
149,0,0,20,5453,20,47890000,597d5f94-70b2-4c0a-9efe-be17e722a160,292,MKing.IMT,uplay,9844,597d5f94-70b2-4c0a-9efe-be17e722a160,30,0
161,15,17,20,5426,20,41720000,e1a910b5-2938-4a74-97b4-4c50cd95b980,187,Reep-,uplay,9958,e1a910b5-2938-4a74-97b4-4c50cd95b980,31,0
118,0,0,20,5411,20,49760000,bd032177-9241-47fc-841b-3867cccf571f,254,easilyy.Rogue,uplay,9382,bd032177-9241-47fc-841b-3867cccf571f,32,0
170,0,0,20,5411,20,41420000,795298fc-4a2e-4b06-b633-f84c5a9e5b34,212,Nuggs.,uplay,9835,795298fc-4a2e-4b06-b633-f84c5a9e5b34,33,0
132,0,17,20,5406,20,51400000,9350323c-00fc-42d8-b017-33ea6c0be8ed,312,Krazy.Rise,uplay,9492,9350323c-00fc-42d8-b017-33ea6c0be8ed,34,1
142,0,0,20,5401,20,53920000,9431ddc3-cb70-4875-9c95-307cf4e5f62f,329,pzdd.BD,uplay,9494,9431ddc3-cb70-4875-9c95-307cf4e5f62f,35,0
171,0,1,20,5395,20,63430000,2f2ad08b-3b5d-4051-919e-2be6dd7a90f0,152,IamBadly,uplay,9941,2f2ad08b-3b5d-4051-919e-2be6dd7a90f0,36,0
135,0,20,20,5379,20,48470000,d7263f99-b407-4c09-9a93-3a6b1c5020b2,295,Motive.S7,uplay,9606,d7263f99-b407-4c09-9a93-3a6b1c5020b2,37,0
151,20,0,20,5365,20,50000000,2ada7d42-7cf2-49a7-ade8-a4286caa6d6c,331,SixShooter.GG,uplay,9812,2ada7d42-7cf2-49a7-ade8-a4286caa6d6c,38,0
139,0,0,20,5361,20,37810000,4dc68a0d-0e1f-43f1-b7cf-7364b7cafea1,132,Akame-47,uplay,9503,4dc68a0d-0e1f-43f1-b7cf-7364b7cafea1,39,0
174,0,20,20,5570,20,45970000,6f1ed826-9e4e-4f23-a007-aa8d45836b21,338,Vito-.,uplay,10170,6f1ed826-9e4e-4f23-a007-aa8d45836b21,40,0
117,17,17,20,5331,20,42270000,c0bf12a5-2f16-4998-886a-6b94c17ada32,316,Choqo1ate,uplay,9523,c0bf12a5-2f16-4998-886a-6b94c17ada32,41,0
171,0,0,20,5324,20,44270000,4b66e62a-6f8c-4f52-8a29-16c1862a192d,146,SamuraiCarai,uplay,10606,4b66e62a-6f8c-4f52-8a29-16c1862a192d,42,0
137,0,18,20,5316,20,46980000,65de0872-17c7-4a57-a6c8-0fdeccb08deb,338,SippinOnOJ.SiN,uplay,9745,65de0872-17c7-4a57-a6c8-0fdeccb08deb,43,0
150,0,0,20,5306,20,45360000,4b3108ba-440c-406b-8940-e3fc559b391b,298,LUKlD.T1,uplay,9635,4b3108ba-440c-406b-8940-e3fc559b391b,44,0
112,0,0,20,5295,20,38290000,d729010e-2f39-40b9-9b85-af97b3b5cefd,238,pdr1nn.,uplay,10052,d729010e-2f39-40b9-9b85-af97b3b5cefd,45,0
109,0,0,20,5294,20,49740000,fb569409-7272-4b25-9afe-701c32746bd2,203,Spiderz.,uplay,9861,fb569409-7272-4b25-9afe-701c32746bd2,46,0
143,0,0,20,5291,20,39770000,d3b428ca-bca7-4c63-b31b-e939d6dc9378,222,Bexstly,uplay,9889,d3b428ca-bca7-4c63-b31b-e939d6dc9378,47,0
120,0,0,20,5282,20,40650000,7f4ace43-679d-427f-a9b1-0ef66d613ee6,219,kondzz.,uplay,9631,7f4ace43-679d-427f-a9b1-0ef66d613ee6,48,0
123,0,0,20,5281,20,48790000,bb4e4a04-2382-44f6-b74b-b2652e7cbe8f,274,awD.,uplay,9570,bb4e4a04-2382-44f6-b74b-b2652e7cbe8f,49,1
136,0,0,20,5266,20,54640000,692e6c58-4de1-4be0-afb7-1a8bc0f002d6,340,Novys1.IMT,uplay,9597,692e6c58-4de1-4be0-afb7-1a8bc0f002d6,50,0
174,0,0,20,5259,20,47100000,23053b38-1928-424b-bcad-5758da99c270,285,VertcL.Rogue,uplay,9871,23053b38-1928-424b-bcad-5758da99c270,51,0
136,17,19,20,5250,20,43920000,14109137-a1a6-4b39-b758-3eb4607a9376,292,Prefire.,uplay,9890,14109137-a1a6-4b39-b758-3eb4607a9376,52,0
142,0,0,20,5246,20,42720000,e011388b-639b-4c22-a329-5e615ec7a999,203,Kafuuschia,uplay,9704,e011388b-639b-4c22-a329-5e615ec7a999,53,0
141,0,0,20,5246,20,43690000,fec60dc5-d57d-43b5-93cf-542d197750ab,137,SoutorToMesmo,uplay,10190,fec60dc5-d57d-43b5-93cf-542d197750ab,54,0
164,0,20,20,5241,20,36280000,b2038551-624b-41e1-8fde-9733a02c991a,239,Parzzivaal,uplay,10196,b2038551-624b-41e1-8fde-9733a02c991a,55,0
132,0,0,20,5236,20,45330000,ee44304d-730e-4682-9a64-c54439e7871b,331,Rampy.SSG,uplay,9629,ee44304d-730e-4682-9a64-c54439e7871b,56,1
118,0,0,20,5234,20,57960000,e36525d8-7005-4ad5-a401-8db3e7ca3bbd,313,Nyx.DZ,uplay,9633,e36525d8-7005-4ad5-a401-8db3e7ca3bbd,57,0
139,0,0,20,5234,20,39790000,7b705ca0-8e2d-402a-b5c6-7aba6062cafb,222,Mango.-.,uplay,9610,7b705ca0-8e2d-402a-b5c6-7aba6062cafb,58,0
169,0,15,20,5233,20,44400000,1ef8ea85-8b24-442e-bada-904dab88131a,172,WaIIing,uplay,10148,1ef8ea85-8b24-442e-bada-904dab88131a,59,0
129,0,19,20,5231,20,45880000,f67508fb-fd32-414e-8c8c-e1dff7b2eb92,509,KingGeorge.,uplay,9348,f67508fb-fd32-414e-8c8c-e1dff7b2eb92,60,1
123,0,15,20,5226,20,41260000,ce392b24-3c99-4abe-b97e-229fc1adf416,341,Goddess.sQ,uplay,9502,ce392b24-3c99-4abe-b97e-229fc1adf416,61,1
146,0,13,20,5225,20,48930000,318fdcb7-2a06-40f6-9d9b-32b65935f3f9,229,RUSTY-GOAT,uplay,9777,318fdcb7-2a06-40f6-9d9b-32b65935f3f9,62,0
121,17,0,20,5222,20,46750000,0ed1b1a0-d2f6-4062-bafd-0194f58cde02,264,FataI.,uplay,9472,0ed1b1a0-d2f6-4062-bafd-0194f58cde02,63,0
145,0,0,20,5220,20,55430000,d1a1255a-14f4-4ec3-b8fc-0cec8b690718,317,Sweater.SiN,uplay,9795,d1a1255a-14f4-4ec3-b8fc-0cec8b690718,64,0
156,0,3,20,5219,20,47650000,7945eda8-3803-47e4-bec3-e5a22b97ea14,319,iDrooPz.SG,uplay,10570,7945eda8-3803-47e4-bec3-e5a22b97ea14,65,0
169,0,0,20,5218,20,46450000,6be6182e-fc19-4dcb-8cfd-93e1cf9a6cdc,178,soulz1,uplay,9874,6be6182e-fc19-4dcb-8cfd-93e1cf9a6cdc,66,0
134,0,0,20,5206,20,38820000,a73cf39b-cb9f-410b-a5c2-6b39ae4a3dfd,264,StorMz.PkP,uplay,9755,a73cf39b-cb9f-410b-a5c2-6b39ae4a3dfd,67,0
130,0,0,20,5204,20,39130000,22ed1130-f61b-4175-a92e-5be031f380df,127,JOOOHHHNNN.,uplay,8977,22ed1130-f61b-4175-a92e-5be031f380df,68,0
137,0,0,20,5204,20,37800000,37ffa681-c198-4bc2-881a-4a0f87546a01,282,N0v4kz.DS,uplay,9543,37ffa681-c198-4bc2-881a-4a0f87546a01,69,0
139,14,17,20,5188,20,46270000,01808117-a955-43fd-81f7-4103d74c185e,241,Panbazou,uplay,9676,01808117-a955-43fd-81f7-4103d74c185e,70,0
138,0,0,20,5186,20,39410000,025673c8-9e66-4e30-a6b1-20c9136dad10,260,Zeppd.,uplay,9880,025673c8-9e66-4e30-a6b1-20c9136dad10,71,0
284,0,15,20,5185,20,46200000,5fdd6ea5-cfea-4de2-a4b2-4f10d4845321,157,Vemzo,uplay,10433,5fdd6ea5-cfea-4de2-a4b2-4f10d4845321,72,0
169,0,0,20,5174,20,44630000,3fcbb7df-2055-4db0-836d-f36634c48a92,252,Spot,uplay,9829,3fcbb7df-2055-4db0-836d-f36634c48a92,73,0
187,0,18,20,5172,20,38790000,d322c215-b3bf-480f-94e5-799ca55225cf,189,notSkarr.SYR,uplay,9888,d322c215-b3bf-480f-94e5-799ca55225cf,74,0
167,0,0,20,5161,20,51560000,629cc14e-2cfa-4031-bbe9-2b1df992d63b,390,Modigga-DG,uplay,9974,629cc14e-2cfa-4031-bbe9-2b1df992d63b,75,1
134,0,0,20,5149,20,54650000,496955e7-df09-453e-bdf1-875fc0b21814,353,MuziMuzi.,uplay,9827,496955e7-df09-453e-bdf1-875fc0b21814,76,0
152,0,3,20,5142,20,42980000,c96883a7-2e91-41f8-a5f7-ce08aa0381eb,241,Hunter.SANTOS,uplay,9814,c96883a7-2e91-41f8-a5f7-ce08aa0381eb,77,0
147,18,18,20,5138,20,33930000,f0593060-071d-4aa0-b9f8-9d389fd24471,203,King.Kourosh,uplay,9709,f0593060-071d-4aa0-b9f8-9d389fd24471,78,0
253,19,0,20,5132,20,39640000,5b8bcf6e-06d4-498e-a78a-c414247847a7,193,Fakyall.-,uplay,10660,5b8bcf6e-06d4-498e-a78a-c414247847a7,79,0
158,0,0,20,5131,20,45270000,a461d468-1415-4fb1-b56d-575ef85addf1,236,Hale.Draak,uplay,9964,a461d468-1415-4fb1-b56d-575ef85addf1,80,0
122,0,0,20,5129,20,41020000,6b574c5d-7d89-43ca-ab2f-f4216f8f587d,275,Yojii.2F,uplay,9500,6b574c5d-7d89-43ca-ab2f-f4216f8f587d,81,0
140,0,0,20,5119,20,44550000,f6a22765-1497-4960-9dbd-5a05ec8fa1d5,182,Filthy.DC,uplay,9630,f6a22765-1497-4960-9dbd-5a05ec8fa1d5,82,0
164,0,0,20,5118,20,49970000,bf0fbb58-5931-4d8a-96ab-bb25a9924307,401,hornetao.,uplay,9763,bf0fbb58-5931-4d8a-96ab-bb25a9924307,83,0
160,0,0,20,5117,20,43800000,b8e0c70d-5f2f-4bbc-96ea-f74838186732,136,TrulyUnlucky.,uplay,10775,b8e0c70d-5f2f-4bbc-96ea-f74838186732,84,0
133,0,0,20,5110,20,57570000,88f2addd-5628-4906-ad58-650343d40c68,377,Yuri.DG,uplay,9670,88f2addd-5628-4906-ad58-650343d40c68,85,0
110,0,17,20,5110,20,41870000,f163fcc0-2b7b-4362-9959-69aaa5fe8fef,234,Nexus.....,uplay,9644,f163fcc0-2b7b-4362-9959-69aaa5fe8fef,86,0
139,0,15,20,5105,20,47260000,6feae666-633c-4b6b-93f2-72ef205e295b,132,Aim.1nF,uplay,9756,6feae666-633c-4b6b-93f2-72ef205e295b,87,0
115,0,0,20,5098,20,45630000,f6d257b0-38c2-42e0-9625-816f3c672738,363,gurmy.oC,uplay,9340,f6d257b0-38c2-42e0-9625-816f3c672738,88,0
133,0,0,20,5098,20,46490000,f3b35a6d-4a5d-4a36-8d76-87bde25a395e,216,Tazzy.-,uplay,9746,f3b35a6d-4a5d-4a36-8d76-87bde25a395e,89,0
157,0,0,20,5094,20,53690000,6364ebd1-f3b3-4c71-8d83-ff0d49c25b6f,142,Paradox-_Piiu.,uplay,10331,6364ebd1-f3b3-4c71-8d83-ff0d49c25b6f,90,0
178,0,0,20,5088,20,37810000,efc3823d-9393-4f7f-8b11-736bd95a778d,134,rvtz.,uplay,9924,efc3823d-9393-4f7f-8b11-736bd95a778d,91,0
165,0,0,20,5086,20,53880000,be3313d6-d443-4eae-818f-bb7f56837781,317,Godly,uplay,9855,be3313d6-d443-4eae-818f-bb7f56837781,92,1
120,0,20,20,5081,20,48180000,b6fc0b9b-fd32-475e-a9ab-6028f5341d75,298,EV3RYTHiNG.,uplay,9300,b6fc0b9b-fd32-475e-a9ab-6028f5341d75,93,0
168,0,0,20,5081,20,53280000,7f251d69-3d40-4f78-80e2-482b513591df,448,BULLET1.IMT,uplay,9844,7f251d69-3d40-4f78-80e2-482b513591df,94,0
150,0,0,20,5078,20,39810000,9cbade53-7070-43ff-bdcf-c14d93fa66cd,241,Gene_O_Cide,uplay,10501,9cbade53-7070-43ff-bdcf-c14d93fa66cd,95,0
143,0,19,20,5075,20,41360000,8afdf27b-8b04-4d19-8928-98b3af93dcab,245,Dann.-,uplay,9659,8afdf27b-8b04-4d19-8928-98b3af93dcab,96,0
206,0,0,20,5071,20,47510000,851a443b-e7b2-455c-b1bd-16a2a6d0a1ac,134,MomHunter-_,uplay,10321,851a443b-e7b2-455c-b1bd-16a2a6d0a1ac,97,0
113,0,18,20,5067,20,46790000,f690dac6-6386-4cc6-97ad-3410e3ee2ae9,264,Zoinkers.,uplay,9441,f690dac6-6386-4cc6-97ad-3410e3ee2ae9,98,0
127,0,0,20,5060,20,47490000,2b1756ac-8827-41d8-a971-c55b21ab03ed,325,Yeti-DG,uplay,9349,2b1756ac-8827-41d8-a971-c55b21ab03ed,99,1
130,0,18,20,5059,20,46470000,dc800dae-3297-4c07-8897-4c72d7e797c4,303,c.o.b,uplay,9376,dc800dae-3297-4c07-8897-4c72d7e797c4,100,1
175,0,20,0,10071,20,43560000,4503086f-112e-41b6-bdbf-1c682596bab3,402,Sub.Script,uplay,10754,4503086f-112e-41b6-bdbf-1c682596bab3,1,0
144,0,20,0,8089,20,45170000,0dc255fd-a5e0-42d3-b959-60e5237c9e36,264,Ron1n_N,uplay,10683,0dc255fd-a5e0-42d3-b959-60e5237c9e36,2,0
185,0,20,0,7542,20,40710000,c4bdc9d0-9e64-4a70-94e8-42265c9171a0,292,Knuspakeksmauro,uplay,10265,c4bdc9d0-9e64-4a70-94e8-42265c9171a0,3,0
227,14,20,0,7134,20,42010000,809e6002-290a-4cf8-973b-c32da266c7e8,232,Alxous,uplay,10406,809e6002-290a-4cf8-973b-c32da266c7e8,4,0
179,18,20,0,6392,20,48430000,0a713cf5-937c-403a-bb40-c29bb5b99b66,322,J1X.,uplay,10038,0a713cf5-937c-403a-bb40-c29bb5b99b66,5,0
168,0,20,0,6332,20,54040000,6eb110b6-e833-4e84-9d22-8bb13c94fc83,123,rextor.,uplay,10220,6eb110b6-e833-4e84-9d22-8bb13c94fc83,6,0
247,0,20,18,6288,20,63290000,5aa6e5aa-06bb-4e2a-8711-00ab693e285a,124,skiesgg,uplay,10545,5aa6e5aa-06bb-4e2a-8711-00ab693e285a,7,0
188,0,20,3,6274,20,51620000,7cc12492-7e09-4371-a4a9-0fe3b1e4ac57,179,Lvzard,uplay,10021,7cc12492-7e09-4371-a4a9-0fe3b1e4ac57,8,0
123,0,20,0,6239,20,43100000,3cc037a3-06ea-4279-859d-8e97be1685ba,247,DoctorDent,uplay,10157,3cc037a3-06ea-4279-859d-8e97be1685ba,9,0
245,0,20,17,6185,20,38540000,e456d94d-b4d0-4c91-af1b-7d396ecd7e3c,154,ImBehindTheDoor,uplay,10410,e456d94d-b4d0-4c91-af1b-7d396ecd7e3c,10,0
200,0,20,0,6172,20,47680000,95e50f49-8924-477e-815d-5ef315391f9f,333,MoveLikeJagger.,uplay,10537,95e50f49-8924-477e-815d-5ef315391f9f,11,0
142,0,20,0,6133,20,49870000,ef6509ff-e041-433a-bb33-5e74db8d690a,429,Mirenzo-,uplay,9760,ef6509ff-e041-433a-bb33-5e74db8d690a,12,0
248,0,20,20,6104,20,45100000,7d22c702-4f54-41de-931e-83bd3e03ad00,162,Yoki.CMC,uplay,10601,7d22c702-4f54-41de-931e-83bd3e03ad00,13,0
99,0,20,0,6093,20,39930000,28c264c1-e58b-4483-88ce-0dee39aba47c,222,Xada.GS,uplay,9399,28c264c1-e58b-4483-88ce-0dee39aba47c,14,0
190,0,20,17,6086,20,53640000,e6894415-2432-4444-8b62-a208d1f4961e,345,Witheball,uplay,10070,e6894415-2432-4444-8b62-a208d1f4961e,15,0
149,0,20,16,6010,20,43370000,ce517313-65bc-445d-9f62-08175c3f3808,263,VlKlNG.,uplay,9817,ce517313-65bc-445d-9f62-08175c3f3808,16,0
232,0,20,19,6002,20,45510000,22d42321-1bfc-4b46-b465-44beadc62750,121,PengufromApex,uplay,10119,22d42321-1bfc-4b46-b465-44beadc62750,17,0
145,9,20,19,5961,20,35020000,81a08e7c-3a7e-4731-8124-bd1501a0365f,132,Ap3x.Pr3d4t0r,uplay,9743,81a08e7c-3a7e-4731-8124-bd1501a0365f,18,0
125,0,20,0,5937,20,41890000,6fa0615e-a8a3-4857-825a-334020080c5f,236,I.M_UR_REAL_DAD,uplay,10324,6fa0615e-a8a3-4857-825a-334020080c5f,19,0
155,0,20,0,5936,20,43620000,0b754b6d-fca3-4dc1-9001-12d18bf74531,164,Nathan.WK,uplay,9814,0b754b6d-fca3-4dc1-9001-12d18bf74531,20,0
190,0,20,6,5924,20,53110000,6a0f955d-35e4-4a8d-a66c-199384533926,137,Envvyy.,uplay,9882,6a0f955d-35e4-4a8d-a66c-199384533926,21,0
135,0,20,0,5919,20,49370000,f3a917ca-345a-4417-8346-b8c5bb071cdd,235,JUUUUUUUUUUUUUK,uplay,9712,f3a917ca-345a-4417-8346-b8c5bb071cdd,22,0
208,0,20,0,5913,20,46770000,d6fad02d-d6bb-44f8-8a4a-1036c4ecf43b,146,ZER0TW0..,uplay,10260,d6fad02d-d6bb-44f8-8a4a-1036c4ecf43b,23,0
128,0,20,17,5878,20,42010000,c4035456-6644-4ca4-b26a-6fdd2f5ec121,231,C6-,uplay,10449,c4035456-6644-4ca4-b26a-6fdd2f5ec121,24,0
165,0,20,0,5864,20,44360000,6ac2a9cf-88ad-43d1-89f4-aa99fe9f15a4,332,Benjamaster2k,uplay,9768,6ac2a9cf-88ad-43d1-89f4-aa99fe9f15a4,25,0
154,0,20,0,5782,20,55310000,fbfb8bc2-ad84-4638-ba54-b66fe2751a53,193,w.Bullet,uplay,10366,fbfb8bc2-ad84-4638-ba54-b66fe2751a53,26,0
154,0,20,0,5766,20,45660000,65c9724e-fc66-4b33-969f-7b8495c4e4dc,203,Slypher.BUTEO,uplay,9893,65c9724e-fc66-4b33-969f-7b8495c4e4dc,27,0
155,0,20,0,5753,20,42650000,ccb864fb-c96e-4e35-99b8-1d40f753fc44,131,FirstTimeR6S,uplay,9594,ccb864fb-c96e-4e35-99b8-1d40f753fc44,28,0
138,0,20,0,5744,20,47320000,278d68b4-a9e6-4ab4-b3da-bb0545f4dbbc,360,dan-_-.Empire,uplay,9605,278d68b4-a9e6-4ab4-b3da-bb0545f4dbbc,29,0
164,0,20,0,5732,20,46150000,e99d27b9-3f40-412a-86e4-202f5d484099,255,CutyBlaZ..,uplay,9817,e99d27b9-3f40-412a-86e4-202f5d484099,30,0
175,0,20,0,5720,20,50900000,d6fb9fc8-aa44-4a68-b5fb-18a33577fb79,288,AceeZ.LSE,uplay,9929,d6fb9fc8-aa44-4a68-b5fb-18a33577fb79,31,1
163,0,20,17,5717,20,48810000,717549d2-79f7-489a-ad18-2b87fab378c7,325,Toiletti,uplay,9984,717549d2-79f7-489a-ad18-2b87fab378c7,32,0
167,0,20,0,5714,20,46830000,12015231-d166-45e7-a461-1f08376d4817,302,BBooAF.Vitality,uplay,9877,12015231-d166-45e7-a461-1f08376d4817,33,0
249,17,20,0,5693,20,52490000,41435bca-05be-4596-acf2-c3a7a840bc2c,143,gystVas.DoG,uplay,10693,41435bca-05be-4596-acf2-c3a7a840bc2c,34,0
205,0,20,18,5687,20,41380000,deebc930-3d59-4a46-a10f-19e83592a876,174,MaxStrag.D4,uplay,10370,deebc930-3d59-4a46-a10f-19e83592a876,35,0
111,0,20,0,5678,20,41310000,7c0bbacf-0bd2-4263-a7a4-8504fb60259b,171,Steinchen.LC,uplay,9680,7c0bbacf-0bd2-4263-a7a4-8504fb60259b,36,0
175,0,20,17,5675,20,46510000,727efc5f-a2e3-4763-9c57-676fcb72c93d,125,FreePointsForU,uplay,10066,727efc5f-a2e3-4763-9c57-676fcb72c93d,37,0
158,0,20,0,5673,20,42290000,999bf012-aff7-47ff-924d-4ba65d0f0a33,286,ShepparD.Empire,uplay,9859,999bf012-aff7-47ff-924d-4ba65d0f0a33,38,1
77,0,20,18,5668,20,38620000,1daca2c1-944c-4f6c-a8db-896aa65d31eb,207,CZ_Nooboy,uplay,8390,1daca2c1-944c-4f6c-a8db-896aa65d31eb,39,0
127,0,20,19,5654,20,36740000,0c91f7f7-6c53-4a06-a343-bc82e95930ba,232,LuuLuu-._,uplay,9713,0c91f7f7-6c53-4a06-a343-bc82e95930ba,40,0
152,0,20,0,5650,20,47480000,49b857eb-848d-42d4-b37e-7311f3c0f22a,355,Vitoline.Chaos,uplay,9737,49b857eb-848d-42d4-b37e-7311f3c0f22a,41,0
112,0,20,0,5611,20,52530000,c50ff9d4-8f93-43cf-a8a7-de2f8b9c62f1,297,zak4994,uplay,9123,c50ff9d4-8f93-43cf-a8a7-de2f8b9c62f1,42,0
146,0,20,0,5608,20,38390000,2f8fdc7b-5e33-4bc4-9c51-7ef5bab13227,236,Lakii..,uplay,9647,2f8fdc7b-5e33-4bc4-9c51-7ef5bab13227,43,0
163,0,20,17,5607,20,43020000,5a6d4bc6-50bb-4f8f-acef-38a10784a711,304,cryn.NaVi,uplay,9904,5a6d4bc6-50bb-4f8f-acef-38a10784a711,44,0
173,0,20,15,5591,20,44000000,a582ba0c-f318-49e7-a21e-38e3c22e86b7,215,nTW.,uplay,10399,a582ba0c-f318-49e7-a21e-38e3c22e86b7,45,0
121,0,20,0,5585,20,41320000,050f5f77-4c63-42e1-9bea-afaf1c62827c,241,N3ATZ,uplay,10059,050f5f77-4c63-42e1-9bea-afaf1c62827c,46,0
173,0,20,0,5580,20,57380000,ab1ff7ae-13e4-4a6a-9b03-317285f8057b,361,Spoit.,uplay,9719,ab1ff7ae-13e4-4a6a-9b03-317285f8057b,47,0
174,0,20,20,5570,20,45970000,6f1ed826-9e4e-4f23-a007-aa8d45836b21,338,Vito-.,uplay,10170,6f1ed826-9e4e-4f23-a007-aa8d45836b21,48,0
141,0,20,15,5569,20,48740000,f0226053-1a34-4475-9840-a824775efb5c,281,Px-,uplay,9770,f0226053-1a34-4475-9840-a824775efb5c,49,0
120,0,20,19,5555,20,41030000,138eba3c-3a15-4320-bbe6-139e3c34ba9c,224,zvx.,uplay,9636,138eba3c-3a15-4320-bbe6-139e3c34ba9c,50,0
126,0,20,0,5549,20,38970000,d398a36d-71c8-4d99-8501-29c4fec8aa69,229,eXoduSS.-,uplay,9445,d398a36d-71c8-4d99-8501-29c4fec8aa69,51,0
109,0,20,0,5535,20,52810000,310063df-af29-4ed1-98b3-dadd7415b1d7,214,nxsc.,uplay,8918,310063df-af29-4ed1-98b3-dadd7415b1d7,52,0
138,0,20,0,5511,20,50250000,99383c07-a9b2-4e75-9fd1-4a5337450fd3,156,Lyonzon,uplay,9681,99383c07-a9b2-4e75-9fd1-4a5337450fd3,53,0
146,0,20,0,5507,20,48740000,0b72fc13-3cad-46c2-a89d-a1f2d27d83fb,308,Rask.forZe,uplay,9753,0b72fc13-3cad-46c2-a89d-a1f2d27d83fb,54,0
125,0,20,18,5505,20,42200000,42858676-bdde-4023-8615-2a7bfa5fbd18,237,RetriX.CMC,uplay,9730,42858676-bdde-4023-8615-2a7bfa5fbd18,55,0
133,0,20,0,5503,20,51860000,0caa4bb2-0d90-41e5-a4dc-72f4b734adcc,307,Leonski.GXT,uplay,9367,0caa4bb2-0d90-41e5-a4dc-72f4b734adcc,56,1
201,0,20,0,5500,20,47990000,ddd6bf92-1d31-4bd6-8ee2-30c90f966a97,248,Unnamed_Yet,uplay,10312,ddd6bf92-1d31-4bd6-8ee2-30c90f966a97,57,0
129,0,20,0,5481,20,38240000,695df363-a074-4d48-a361-304055e843c6,256,J0hnny.AVANGAR,uplay,9487,695df363-a074-4d48-a361-304055e843c6,58,0
167,0,20,17,5479,20,45250000,c748132b-8c1f-4b59-899b-47f1fa5615cf,225,s1.-,uplay,9738,c748132b-8c1f-4b59-899b-47f1fa5615cf,59,0
86,14,20,13,5478,20,33830000,3eef6640-2bb5-4cb1-aa73-0a85134e318f,264,ItzYapaBiatch,uplay,9445,3eef6640-2bb5-4cb1-aa73-0a85134e318f,60,0
135,0,20,18,5472,20,53490000,f507f906-d7b8-4faa-96ca-431cc0a1041e,266,Pie.WK,uplay,9367,f507f906-d7b8-4faa-96ca-431cc0a1041e,61,0
135,0,20,0,5471,20,41880000,d8597708-7698-47ce-b131-b7ca77e11977,293,Fonkers.SECRET,uplay,9619,d8597708-7698-47ce-b131-b7ca77e11977,62,1
126,0,20,0,5469,20,48840000,7a599af8-3981-4c16-a1d8-7315df70dc92,371,TapiTapa,uplay,9651,7a599af8-3981-4c16-a1d8-7315df70dc92,63,0
156,0,20,0,5460,20,49860000,d10c04c6-1f85-422d-925a-58e7c27e8a5f,340,Blas.PENTA,uplay,9756,d10c04c6-1f85-422d-925a-58e7c27e8a5f,64,1
168,0,20,0,5455,20,51060000,fe1c6ffa-5d1c-430e-94c1-7fbb38ba88ff,247,Spark.Vitality,uplay,9921,fe1c6ffa-5d1c-430e-94c1-7fbb38ba88ff,65,0
139,0,20,0,5451,20,44720000,cf906694-e9b1-4b43-acfc-ca276fd57cf8,365,ZetriX.,uplay,9758,cf906694-e9b1-4b43-acfc-ca276fd57cf8,66,0
137,0,20,0,5447,20,35590000,a5c91e2b-75ce-4159-b430-7ef9ba133e89,285,DHL_Chef_Azubi,uplay,9484,a5c91e2b-75ce-4159-b430-7ef9ba133e89,67,0
155,0,20,17,5438,20,45790000,3d7226b9-ab4a-4c34-b740-22c2bd13ba64,293,Hife.BUTEO,uplay,9711,3d7226b9-ab4a-4c34-b740-22c2bd13ba64,68,0
181,0,20,0,5437,20,41860000,2699631b-a668-4b57-ae6a-4a6b2b7d2dd9,207,JhonnyMato,uplay,9569,2699631b-a668-4b57-ae6a-4a6b2b7d2dd9,69,0
157,0,20,0,5433,20,38220000,83a5b807-d95c-48c3-9d13-4fdca0f88b49,198,REDGROOVE.Chaos,uplay,9845,83a5b807-d95c-48c3-9d13-4fdca0f88b49,70,1
133,0,20,0,5400,20,49890000,12ca8d6f-d4b2-470c-b713-ab1e178940c9,183,IamGroot._,uplay,9679,12ca8d6f-d4b2-470c-b713-ab1e178940c9,71,0
157,0,20,0,5398,20,47960000,76381aeb-288e-4eec-85f1-2fb535a4dfcc,132,SnP_Varuz800,uplay,9976,76381aeb-288e-4eec-85f1-2fb535a4dfcc,72,0
170,0,20,0,5395,20,47440000,fe3714ac-e06b-42bd-ab70-9dd71856aa16,305,HAHA-FREEBOOST,uplay,10214,fe3714ac-e06b-42bd-ab70-9dd71856aa16,73,0
117,0,20,0,5389,20,40080000,6d5ceecb-e6e5-4567-8fc3-5e093b69da29,174,TheSaviorIL,uplay,8627,6d5ceecb-e6e5-4567-8fc3-5e093b69da29,74,0
145,0,20,0,5374,20,40010000,d77b476c-6551-44a9-84bd-7d8813cc19fc,294,Hungry.PENTA,uplay,9624,d77b476c-6551-44a9-84bd-7d8813cc19fc,75,1
108,0,20,0,5374,20,45720000,7858b97b-b29e-48b5-b0ab-42cf06b4071a,325,HanzT.AMP,uplay,9181,7858b97b-b29e-48b5-b0ab-42cf06b4071a,76,0
133,0,20,0,5365,20,41280000,16831429-7db2-4df4-8761-f60c31aa67cc,300,iAmAssassin.AMP,uplay,9677,16831429-7db2-4df4-8761-f60c31aa67cc,77,0
125,0,20,0,5359,20,37620000,8c0da719-a87c-4539-ab56-5a130d02c802,278,Feidger117_RUS,uplay,9638,8c0da719-a87c-4539-ab56-5a130d02c802,78,0
153,0,20,0,5355,20,41900000,7e3ffa5a-78ec-4cb6-9c50-bc6a8d238a78,305,SAxTurki,uplay,10082,7e3ffa5a-78ec-4cb6-9c50-bc6a8d238a78,79,0
90,20,20,19,5351,20,45000000,4e6884f4-00f8-440a-b17b-e271d4b31e2f,225,Hitro_,uplay,9796,4e6884f4-00f8-440a-b17b-e271d4b31e2f,80,0
191,0,20,0,5346,20,52490000,e419d4b3-68cc-473b-ac85-8d2b3beb8d32,140,correy.-,uplay,10214,e419d4b3-68cc-473b-ac85-8d2b3beb8d32,81,0
114,0,20,0,5343,20,50870000,a2ef9315-688b-4ca6-86a0-df667fee1a0f,324,Duckii.UFL,uplay,9612,a2ef9315-688b-4ca6-86a0-df667fee1a0f,82,0
137,0,20,0,5342,20,44950000,9b6e2fe6-0719-40e5-8137-fd425fa8a5bf,135,ZAAAAPs,uplay,9808,9b6e2fe6-0719-40e5-8137-fd425fa8a5bf,83,0
111,0,20,0,5342,20,49720000,5bc035e9-1398-4e33-a95e-93a6d13e45ac,244,hannah_montagne,uplay,9961,5bc035e9-1398-4e33-a95e-93a6d13e45ac,84,0
139,0,20,17,5335,20,50470000,81e9d8f5-59ed-4754-9520-1f1e661deec5,239,Meeppimeister,uplay,9951,81e9d8f5-59ed-4754-9520-1f1e661deec5,85,0
159,0,20,0,5325,20,53090000,ad80b8c2-c29c-4104-85cc-f8ac1761e7f2,309,Kripps.Chaos,uplay,9739,ad80b8c2-c29c-4104-85cc-f8ac1761e7f2,86,0
134,0,20,0,5320,20,48610000,500292dd-1930-4fc0-8468-1204e4432274,233,Zeerss.,uplay,9579,500292dd-1930-4fc0-8468-1204e4432274,87,0
123,0,20,0,5317,20,48000000,471eec36-8d5f-4951-8f43-ba57cf93a7aa,238,AueR.PACT,uplay,9640,471eec36-8d5f-4951-8f43-ba57cf93a7aa,88,0
128,0,20,0,5317,20,47990000,5139666c-a5fb-451d-b8dd-ffa66735a923,303,p4sh4.forZe,uplay,9743,5139666c-a5fb-451d-b8dd-ffa66735a923,89,0
127,0,20,0,5314,20,46970000,44228a30-274f-4669-a61b-f4939571922b,251,Linizeraurus.,uplay,9868,44228a30-274f-4669-a61b-f4939571922b,90,0
198,20,20,18,5308,20,46170000,3ddc8e58-a006-48e1-b804-f87d7526d098,138,Logan..I-I,uplay,10416,3ddc8e58-a006-48e1-b804-f87d7526d098,91,0
156,0,20,0,5307,20,52400000,bee378f8-6138-436e-ae47-881d325eca96,440,Terni4.,uplay,9663,bee378f8-6138-436e-ae47-881d325eca96,92,0
145,0,20,19,5305,20,50090000,747dd6ef-6e70-4b95-8b57-4d5e81760865,242,Chewie.TITAN,uplay,9614,747dd6ef-6e70-4b95-8b57-4d5e81760865,93,0
127,0,20,0,5303,20,36220000,a6e23ab9-935e-430c-bd43-091605b5b4f2,161,Akriin,uplay,9679,a6e23ab9-935e-430c-bd43-091605b5b4f2,94,0
109,0,20,0,5303,20,39750000,252390f5-8f09-47ef-917e-dc20b2543919,341,Daedalus4200,uplay,9794,252390f5-8f09-47ef-917e-dc20b2543919,95,0
124,0,20,0,5296,20,51180000,543fc055-817f-4a5e-b72d-fac7f6ed0711,299,Wallkero.Spri,uplay,9830,543fc055-817f-4a5e-b72d-fac7f6ed0711,96,0
131,0,20,0,5288,20,58720000,061739e1-ca31-41cb-b424-f4fb7c12a5d9,344,Panix.EnD,uplay,9420,061739e1-ca31-41cb-b424-f4fb7c12a5d9,97,1
133,0,20,0,5286,20,57800000,c4ad67f6-ee03-4eb1-bcac-5024c83aa18f,170,Saethus,uplay,9398,c4ad67f6-ee03-4eb1-bcac-5024c83aa18f,98,0
161,0,20,0,5273,20,50850000,e8fb0849-2dd5-4b44-bdc1-e1d7a0f6365b,249,KliD-,uplay,9905,e8fb0849-2dd5-4b44-bdc1-e1d7a0f6365b,99,0
150,0,20,0,5271,20,45200000,5a459e9b-7a37-4c4b-882b-f6e40bf95d3f,137,FastASfxck-,uplay,10068,5a459e9b-7a37-4c4b-882b-f6e40bf95d3f,100,0
217,20,0,0,7514,20,40360000,6af80dfd-f95c-42a8-b979-7ab31597ef63,212,Matthew.Alter,uplay,10848,6af80dfd-f95c-42a8-b979-7ab31597ef63,1,0
141,20,0,0,7348,20,38610000,ae97d82e-c600-4a2a-9583-7dcdfa10ecc6,136,NoMooKun.casual,uplay,11673,ae97d82e-c600-4a2a-9583-7dcdfa10ecc6,2,0
148,20,0,0,7300,20,40690000,3f16b29e-495a-4f2e-b220-70c251f0722f,316,lIIIIIlllIl.LBP,uplay,10514,3f16b29e-495a-4f2e-b220-70c251f0722f,3,0
119,20,0,0,7184,20,40960000,b2b4c296-0208-4a0a-a099-d762b250ce88,291,X-x-Ivan-x-X,uplay,9829,b2b4c296-0208-4a0a-a099-d762b250ce88,4,0
171,20,0,6,6307,20,48400000,35a436b0-15ae-4948-8a34-9f03ace98415,135,AIicia.,uplay,9989,35a436b0-15ae-4948-8a34-9f03ace98415,5,0
148,20,12,13,6079,20,43550000,b6534c1f-a063-4e1d-9a6d-70281b0fa0f1,623,Eddie-NICE,uplay,9952,b6534c1f-a063-4e1d-9a6d-70281b0fa0f1,6,0
172,20,0,0,5973,20,54660000,cc629cee-b307-4296-b895-2f589c4286c7,189,Amber-549,uplay,10857,cc629cee-b307-4296-b895-2f589c4286c7,7,0
125,20,0,13,5945,20,33900000,75f231ef-2e38-47b2-b442-4a4123489b83,191,DontBro.,uplay,9695,75f231ef-2e38-47b2-b442-4a4123489b83,8,0
110,20,0,0,5917,20,42200000,2a764e6c-8199-4fe8-b0fa-35cf18e0b313,178,MISAKI_08.27-,uplay,9896,2a764e6c-8199-4fe8-b0fa-35cf18e0b313,9,0
388,20,14,0,5890,20,72220000,9007ae6f-cd0d-410c-bb41-dbe8410614de,121,lIllIIIIllIIl,uplay,11107,9007ae6f-cd0d-410c-bb41-dbe8410614de,10,0
132,20,0,0,5867,20,46630000,e9c9c4c6-8996-498f-abf8-6aef61f9b4d9,151,GKoz.,uplay,10408,e9c9c4c6-8996-498f-abf8-6aef61f9b4d9,11,0
329,20,0,0,5858,20,40380000,6ea42d71-8f50-4e9e-befd-808622d996dc,170,Nightmare-Zafki,uplay,11427,6ea42d71-8f50-4e9e-befd-808622d996dc,12,0
159,20,0,20,6013,20,43540000,30c7bfcc-87fb-48d0-8f18-80b8fb8f80f3,216,Raclis.,uplay,9831,30c7bfcc-87fb-48d0-8f18-80b8fb8f80f3,13,0
125,20,0,0,5841,20,29870000,5795ec78-1626-4caa-8d83-4303bdeedacd,267,Peter.Muller,uplay,10464,5795ec78-1626-4caa-8d83-4303bdeedacd,14,0
163,20,0,16,5830,20,45980000,9db66a6d-b608-4800-a884-0cc72d809f62,407,JaekDow.,uplay,9589,9db66a6d-b608-4800-a884-0cc72d809f62,15,0
112,20,14,0,5809,20,42140000,92643184-582c-4bf1-809a-1e2d6c7f46cc,234,LoliconKing_Tum,uplay,9346,92643184-582c-4bf1-809a-1e2d6c7f46cc,16,0
276,20,0,0,5808,20,45910000,829a1e3e-f035-4b3e-b54f-822208fca7c5,121,Taina.Pereira,uplay,11101,829a1e3e-f035-4b3e-b54f-822208fca7c5,17,0
116,20,0,14,5779,20,47610000,614f909a-0c0d-405f-bd55-c94d37e1293a,121,Edelstein00,uplay,9728,614f909a-0c0d-405f-bd55-c94d37e1293a,18,0
156,20,0,17,5705,20,46690000,72edc0e0-6b95-4c77-b6a4-6b987cb861c3,379,Deadpool.NEX,uplay,9937,72edc0e0-6b95-4c77-b6a4-6b987cb861c3,19,0
217,20,0,0,5693,20,43760000,0aadfb10-d585-4398-8561-b680cbbfe6e7,215,QSPEK,uplay,10754,0aadfb10-d585-4398-8561-b680cbbfe6e7,20,0
209,20,7,20,5675,20,43850000,e834f4a3-8d7e-4e3b-915d-5418b10fd843,279,HaRLey.LvNts,uplay,9792,e834f4a3-8d7e-4e3b-915d-5418b10fd843,21,0
121,20,0,0,5624,20,34760000,23de9afb-94c2-4c33-a0d0-9a8300a91692,189,irfanbroski,uplay,10167,23de9afb-94c2-4c33-a0d0-9a8300a91692,22,0
153,20,0,0,5624,20,48310000,46d59995-75a7-421b-8174-24e5a1cb22f9,402,SweetBlack.C9,uplay,9745,46d59995-75a7-421b-8174-24e5a1cb22f9,23,0
189,20,0,0,5620,20,43700000,11cd0352-3470-4d96-8ba0-9936d9dd95c7,279,Milim.,uplay,10323,11cd0352-3470-4d96-8ba0-9936d9dd95c7,24,0
167,20,20,18,5592,20,41430000,51af6433-9485-438b-b0fc-87bedf9c78d0,229,SpaceHead.,uplay,9919,51af6433-9485-438b-b0fc-87bedf9c78d0,25,0
186,20,0,0,5586,20,42610000,2bcd15eb-caf6-468d-b21d-c08e32a53633,174,Chipuuri,uplay,9906,2bcd15eb-caf6-468d-b21d-c08e32a53633,26,0
122,20,0,0,5578,20,45450000,a9e9cda8-ed17-4b7c-8ec9-31d4d2caf8b9,326,Nova.C9,uplay,9507,a9e9cda8-ed17-4b7c-8ec9-31d4d2caf8b9,27,0
201,20,0,0,5566,20,41160000,e6553f0c-3b7e-4754-938e-45873667c8cc,127,WeRiseA-CavGOD,uplay,10302,e6553f0c-3b7e-4754-938e-45873667c8cc,28,0
344,20,0,0,5558,20,36780000,7ddffc3e-8a84-4163-8a46-e4444978875a,122,Taka.Ori,uplay,11341,7ddffc3e-8a84-4163-8a46-e4444978875a,29,0
148,20,0,0,5542,20,52340000,89fd84b2-3533-4f1c-859a-fc19594106d3,178,KaK-_-_-,uplay,9757,89fd84b2-3533-4f1c-859a-fc19594106d3,30,0
155,20,0,0,5542,20,40890000,febe67d3-58bd-4839-a144-1f28c907f618,334,Pepsi_my_Waifu,uplay,9901,febe67d3-58bd-4839-a144-1f28c907f618,31,0
176,20,0,0,5517,20,46600000,531b76d7-89ed-49ad-8517-d829e5df6fd0,217,mip4is.BG,uplay,9895,531b76d7-89ed-49ad-8517-d829e5df6fd0,32,0
226,20,0,0,5509,20,51330000,b3b0db42-c3a8-4bba-b31c-67fce05dc600,227,malunyan,uplay,10413,b3b0db42-c3a8-4bba-b31c-67fce05dc600,33,0
131,20,0,0,5505,20,45250000,384953b3-3b06-4410-abe0-222c6e20368f,166,rogue_167,uplay,10400,384953b3-3b06-4410-abe0-222c6e20368f,34,0
166,20,0,20,6486,20,54950000,acb9b554-30d2-4519-b64c-9d6d6d511675,340,Pi3troll,uplay,9940,acb9b554-30d2-4519-b64c-9d6d6d511675,35,0
102,20,0,0,5463,20,38870000,5c34c690-b4c8-4f4f-8f8f-4ac83b86ffbf,169,White.athlete,uplay,8479,5c34c690-b4c8-4f4f-8f8f-4ac83b86ffbf,36,0
156,20,0,0,5460,20,39300000,dd26d859-1201-47c9-a2c7-8dcd93822cf3,133,Goodbye2DingMu.,uplay,9775,dd26d859-1201-47c9-a2c7-8dcd93822cf3,37,0
145,20,0,0,5454,20,44390000,be9d6e8d-9292-4eea-a027-f9ea9996c5e8,263,Lycolis,uplay,9753,be9d6e8d-9292-4eea-a027-f9ea9996c5e8,38,0
53,20,0,14,5447,20,36770000,dcf9ada1-a52e-4bf3-803f-e65de973e7c7,142,aikoshan.Avd,uplay,8617,dcf9ada1-a52e-4bf3-803f-e65de973e7c7,39,0
167,20,0,18,5443,20,47390000,66390fac-4803-4332-a59c-70b601f9927b,162,coppernxt.-,uplay,10817,66390fac-4803-4332-a59c-70b601f9927b,40,0
71,20,5,17,5437,20,37380000,73ec558a-ac37-4df2-bfbc-5d65145135d3,189,Megumi.Kato.,uplay,8911,73ec558a-ac37-4df2-bfbc-5d65145135d3,41,0
198,20,0,0,5430,20,40440000,a01bc0d3-0e0e-41b7-8582-2b7625760d26,148,Eagle.yep,uplay,10998,a01bc0d3-0e0e-41b7-8582-2b7625760d26,42,0
145,20,15,0,5428,20,42520000,5d4acb46-f8ff-473e-a25f-263324dece4f,175,pengu.th,uplay,9995,5d4acb46-f8ff-473e-a25f-263324dece4f,43,0
139,20,0,20,5427,20,46010000,b5e7e023-8205-46b1-b6d5-060b9f9045f8,183,SpIatoon,uplay,9878,b5e7e023-8205-46b1-b6d5-060b9f9045f8,44,0
144,20,0,0,5422,20,47950000,d0e89837-73d2-444b-8847-c3aaf22c5d14,273,SyAil.,uplay,9566,d0e89837-73d2-444b-8847-c3aaf22c5d14,45,0
194,20,0,17,5394,20,58660000,30ff780d-b4e9-417d-a161-12178570451f,122,ac12a,uplay,10477,30ff780d-b4e9-417d-a161-12178570451f,46,0
174,20,0,0,5380,20,45750000,d28e910f-960c-48ae-9784-9c8e9d2da0fc,328,Anitun.CAG,uplay,9896,d28e910f-960c-48ae-9784-9c8e9d2da0fc,47,0
172,20,0,19,5366,20,49090000,c96eac9e-bcbd-456d-bb15-f59a97cb0623,339,Reeps96_vT,uplay,9952,c96eac9e-bcbd-456d-bb15-f59a97cb0623,48,0
162,20,0,0,5366,20,30960000,e5529700-c272-4392-921c-8b29d9f4da8b,257,Snaked.-,uplay,9801,e5529700-c272-4392-921c-8b29d9f4da8b,49,0
170,20,0,16,5357,20,60980000,f8be2dcc-18be-4909-9c7f-634fd273664a,143,EdKid.HeroZ,uplay,10068,f8be2dcc-18be-4909-9c7f-634fd273664a,50,0
150,20,0,0,5356,20,52340000,f78b0a8f-742f-4752-b050-e4ec1a6a442a,150,KMP-Alloy,uplay,11097,f78b0a8f-742f-4752-b050-e4ec1a6a442a,51,0
168,20,19,0,5351,20,52410000,3acac38c-44f6-4de1-8dd4-cccd68715b81,313,Virtue.FNC,uplay,9847,3acac38c-44f6-4de1-8dd4-cccd68715b81,52,0
146,20,0,0,5343,20,41600000,29d587a7-72a2-496e-91f6-7fbfe919ccf3,188,Mangoz-_-,uplay,9998,29d587a7-72a2-496e-91f6-7fbfe919ccf3,53,0
113,20,0,20,5342,20,40780000,5fd15442-0bc0-43ad-81d1-b1fc19f4dc49,295,GiveMeUrPing,uplay,10750,5fd15442-0bc0-43ad-81d1-b1fc19f4dc49,54,0
138,20,17,19,5341,20,52560000,56faf03c-4433-4adc-8cd7-5684f3fa9aa7,301,DaXian.,uplay,9625,56faf03c-4433-4adc-8cd7-5684f3fa9aa7,55,0
166,20,0,17,5337,20,33890000,3b2160fe-208e-4959-a01b-e95d494b8576,291,BlacKKK.WP,uplay,10046,3b2160fe-208e-4959-a01b-e95d494b8576,56,0
149,20,0,0,5330,20,54350000,adbbf380-bec6-485b-8c53-a82821b2eb0a,151,SATOSHI_.,uplay,9790,adbbf380-bec6-485b-8c53-a82821b2eb0a,57,0
140,20,0,0,5312,20,55170000,0a80319c-0be6-45e0-8deb-d571a93dde58,214,speca.FNC,uplay,9585,0a80319c-0be6-45e0-8deb-d571a93dde58,58,0
153,20,0,0,5309,20,44160000,7dea8c7f-3cb5-4418-8d68-7cadd86b794f,248,Rollbq_GF,uplay,10037,7dea8c7f-3cb5-4418-8d68-7cadd86b794f,59,0
166,20,17,17,5308,20,33130000,c26e7bfd-dcdb-4284-aeb1-7f74fa5d87cf,238,GuGu-3-.SAGA,uplay,9864,c26e7bfd-dcdb-4284-aeb1-7f74fa5d87cf,60,0
144,20,0,0,5285,20,36370000,eedef1bd-142b-488f-b51c-50f0328b780e,271,Scatman.-,uplay,9679,eedef1bd-142b-488f-b51c-50f0328b780e,61,0
177,20,0,17,5283,20,50850000,decac248-cfab-4c2c-8467-fc1a3ba2a797,333,AyanePC60Hz.DrS,uplay,10064,decac248-cfab-4c2c-8467-fc1a3ba2a797,62,0
149,20,0,0,5281,20,42300000,985b3950-d460-40d6-a230-6cd1ccd58d30,236,Augu5t.,uplay,9564,985b3950-d460-40d6-a230-6cd1ccd58d30,63,0
216,20,0,16,5268,20,44310000,ffe0b835-62f9-42eb-a77d-af12406b4b67,190,Beaulo.Bz,uplay,10239,ffe0b835-62f9-42eb-a77d-af12406b4b67,64,0
160,20,17,16,5268,20,57580000,4215606a-a902-464b-be44-036f69653efc,369,BestWickR6s,uplay,9869,4215606a-a902-464b-be44-036f69653efc,65,0
134,20,0,0,5252,20,39690000,332de0ff-ea89-4ab4-9536-b244f5fb8cb5,220,Nero.Mx,uplay,9633,332de0ff-ea89-4ab4-9536-b244f5fb8cb5,66,0
153,20,0,0,5250,20,48780000,e00e2d07-aa6b-4b45-9ac7-c0f3d0b39d32,345,My5ticalTim,uplay,9577,e00e2d07-aa6b-4b45-9ac7-c0f3d0b39d32,67,0
180,20,0,0,5246,20,49860000,452f2bbb-8132-4140-b91b-7e5925b8578e,374,FxaaEye,uplay,10203,452f2bbb-8132-4140-b91b-7e5925b8578e,68,0
147,20,0,0,5241,20,49870000,fe4828ff-c1ca-4f5d-8554-43dd151355b2,224,Lonely.-,uplay,9794,fe4828ff-c1ca-4f5d-8554-43dd151355b2,69,0
111,20,0,0,5241,20,43380000,ba458b7e-14e1-428e-8bee-f48f707ed5cd,146,SaberIily,uplay,10682,ba458b7e-14e1-428e-8bee-f48f707ed5cd,70,0
155,20,0,0,5237,20,45440000,ea48ecce-8751-4fe0-9461-3323ab35ab5e,223,Lily.GG,uplay,9785,ea48ecce-8751-4fe0-9461-3323ab35ab5e,71,0
144,20,0,0,5236,20,42370000,7e26da46-720d-4bf6-ab41-45ec284e95bf,177,LangD.GJR,uplay,10486,7e26da46-720d-4bf6-ab41-45ec284e95bf,72,0
159,20,0,0,5235,20,41450000,ead68f70-3346-45c2-8036-3b7d66acd00c,250,Saver.Latency,uplay,9815,ead68f70-3346-45c2-8036-3b7d66acd00c,73,0
119,20,0,0,5214,20,39060000,aef62f61-2834-4912-b260-a77559e690ef,256,Roldinii.NEX,uplay,9446,aef62f61-2834-4912-b260-a77559e690ef,74,0
144,20,0,0,5190,20,48880000,69353f2a-37e5-4020-961f-471d0d0175e4,232,MiYeon131-,uplay,9824,69353f2a-37e5-4020-961f-471d0d0175e4,75,0
85,20,0,0,5187,20,27810000,61c8d49e-7db6-461d-951d-a31c137553d0,175,M4_SaKuraEX,uplay,8793,61c8d49e-7db6-461d-951d-a31c137553d0,76,0
154,20,0,0,5180,20,40520000,c95b0d87-64a6-4bf2-8d6e-f83b855a2ad5,179,Natasha.-.,uplay,9727,c95b0d87-64a6-4bf2-8d6e-f83b855a2ad5,77,0
101,20,0,0,5179,20,37710000,f06bd83d-bea9-4a2f-9fe5-fe145300ea0d,192,EZxc.Ai2,uplay,10096,f06bd83d-bea9-4a2f-9fe5-fe145300ea0d,78,0
163,20,0,14,5141,20,37500000,7a55f2f7-1c01-48e0-b674-e04f17feaf36,150,KKAE-,uplay,9920,7a55f2f7-1c01-48e0-b674-e04f17feaf36,79,0
127,20,0,0,5135,20,41620000,58c29548-f751-40ae-b312-09e28352680a,228,Mizu.Lese,uplay,9486,58c29548-f751-40ae-b312-09e28352680a,80,0
126,20,0,0,5123,20,39280000,70286908-20b8-4b23-8ebf-42bd14c0f958,263,JamesBoy.,uplay,9596,70286908-20b8-4b23-8ebf-42bd14c0f958,81,0
142,20,0,0,5120,20,48310000,f5ddcaca-eb99-4eec-bf4e-7692175529d5,135,YOUWANTKILL,uplay,9630,f5ddcaca-eb99-4eec-bf4e-7692175529d5,82,0
128,20,0,18,5113,20,44420000,e790a31f-638c-4bed-a935-d9f0bc586c32,267,Nio.E2,uplay,9622,e790a31f-638c-4bed-a935-d9f0bc586c32,83,0
134,20,0,0,5111,20,39600000,133acae1-bfd9-47b6-b0ca-c1bef065a533,257,Danny.OrZ,uplay,9720,133acae1-bfd9-47b6-b0ca-c1bef065a533,84,0
114,20,0,0,5104,20,46890000,05b41779-37c0-4160-b766-71db5d437a8f,168,LoveYiRan.GJR,uplay,9833,05b41779-37c0-4160-b766-71db5d437a8f,85,0
128,20,0,17,5101,20,51800000,b1dfdfd2-26a6-446e-b1c1-a017a26f95a2,391,sprshu,uplay,9676,b1dfdfd2-26a6-446e-b1c1-a017a26f95a2,86,0
129,20,0,0,5099,20,36070000,4520d97d-9770-497c-a502-f33eae081c45,170,Kuihua.MFL,uplay,9087,4520d97d-9770-497c-a502-f33eae081c45,87,0
138,20,0,0,5097,20,45620000,73f7fdc4-2732-4d78-b570-0b50d79be3bc,227,Amew.SoTS,uplay,9664,73f7fdc4-2732-4d78-b570-0b50d79be3bc,88,0
168,20,0,0,5094,20,47000000,271584b2-0ffc-4548-a494-76dba4abdf9f,148,Elias_____,uplay,9747,271584b2-0ffc-4548-a494-76dba4abdf9f,89,0
207,20,0,17,5094,20,46820000,1a16f2cf-7bdf-4c0f-aff5-a1b103c2814e,197,spr1Ron.GA,uplay,10015,1a16f2cf-7bdf-4c0f-aff5-a1b103c2814e,90,0
133,20,0,19,5091,20,43180000,917bb1e1-5419-45b0-a1c2-72c9aabcb63e,305,igNItE.Ask,uplay,9909,917bb1e1-5419-45b0-a1c2-72c9aabcb63e,91,0
124,20,0,18,5077,20,49410000,6427605b-f980-4e9b-acec-0c093cf9910c,277,Arnie.AJ,uplay,9399,6427605b-f980-4e9b-acec-0c093cf9910c,92,0
130,20,0,0,5066,20,44390000,f54d247e-4d9d-44df-b06d-6487144b5096,307,WARBARK.NEX,uplay,9520,f54d247e-4d9d-44df-b06d-6487144b5096,93,0
112,20,0,0,5061,20,43960000,dc6683be-efb1-49c1-9800-9d5f62ef5e5b,217,KneeBl0w.,uplay,9245,dc6683be-efb1-49c1-9800-9d5f62ef5e5b,94,0
116,20,0,0,5059,20,38310000,72a19a29-d04f-4e5e-ae63-f9d94cbbf359,259,OneMoreChance.,uplay,9760,72a19a29-d04f-4e5e-ae63-f9d94cbbf359,95,0
131,20,0,0,5058,20,32440000,7e203549-aa30-48f7-a58c-8ee9cf73be16,301,THE.REALNOOB,uplay,9721,7e203549-aa30-48f7-a58c-8ee9cf73be16,96,0
136,20,20,15,5058,20,53560000,b376d9a9-07bb-43e1-8f2c-718b475a5afa,350,BellyRub,uplay,9521,b376d9a9-07bb-43e1-8f2c-718b475a5afa,97,0
150,20,0,0,5053,20,48220000,8c08ba63-6f27-45a8-949f-366104cdc527,310,James79.,uplay,10159,8c08ba63-6f27-45a8-949f-366104cdc527,98,0
140,20,0,0,5048,20,40750000,bfe309c9-f773-48bb-8ee3-de4631cc8a6f,273,Santafe.-,uplay,9570,bfe309c9-f773-48bb-8ee3-de4631cc8a6f,99,0
153,20,0,0,5046,20,53310000,1d258358-25c5-4d60-b333-1938e2fa8d4a,144,CG_YTH,uplay,10356,1d258358-25c5-4d60-b333-1938e2fa8d4a,100,0
